nom,image
sdfsfesefsse,savedImages/14_47_56.png
sdcfwsxdf,savedImages/14_51_40.png
wsdcwscwc,savedImages/14_59_34.png
Ecrivez icidvxfsf,savedImages/15_02_04.png
fxlove,savedImages/15_04_28.png
emilie el fuego,savedImages/15_44_27.png
Ecrivez icidrgdtg,savedImages/16_18_23.png
deteste enzo fan de fx,savedImages/16_52_34.png
aeaze,savedImages/11_26_52.png
xdf,savedImages/14_35_05.png
dtyj,savedImages/14_37_32.png
zdqzdq,savedImages/14_39_25.png
Ecrivez ici,savedImages/14_41_15.png
George,savedImages/14_28_35.png
jeah,savedImages/14_35_14.png
Ecrivez ialyxci,savedImages/15_36_02.png
peace and love,savedImages/15_39_04.png
pffrrrr,savedImages/15_57_53.png
Alix et Alyx ,savedImages/17_32_08.png
LALAA,savedImages/17_47_11.png
qkedhqed,savedImages/17_51_37.png
sef,savedImages/17_57_42.png
AHAHAH,savedImages/18_00_31.png
Ecrivez ici,savedImages/18_06_08.png
Ecrivez ici,savedImages/18_12_51.png
Ecrivez ici,savedImages/18_15_54.png
Ecrivez ici,savedImages/18_19_26.png
CAC,savedImages/18_32_28.png
Ecrivez ici,savedImages/18_42_08.png
l'abeille coule la belle couille,savedImages/18_50_45.png
